publisher,url,enabled,note
sciencedirect,https://www.sciencedirect.com/journal/desalination-and-water-treatment/issues,true,
sciencedirect,https://www.sciencedirect.com/journal/journal-of-the-academy-of-nutrition-and-dietetics/issues,true,
sciencedirect,https://www.sciencedirect.com/journal/infection-disease-and-health/issues,true,
sciencedirect,https://www.sciencedirect.com/journal/journal-of-hospitality-and-tourism-management/issues,true,
sciencedirect,https://www.sciencedirect.com/journal/international-journal-of-sediment-research/issues,true,
sciencedirect,https://www.sciencedirect.com/journal/topics-in-companion-animal-medicine/issues,true,
sciencedirect,https://www.sciencedirect.com/journal/journal-of-exotic-pet-medicine/issues,true,
sciencedirect,https://www.sciencedirect.com/journal/journal-of-veterinary-behavior/issues,true,
sciencedirect,https://www.sciencedirect.com/journal/journal-of-microbiology-immunology-and-infection/issues,true,
sciencedirect,https://www.sciencedirect.com/journal/indian-journal-of-medical-microbiology/issues,true,
sciencedirect,https://www.sciencedirect.com/journal/the-brazilian-journal-of-infectious-diseases/issues,true,
sciencedirect,https://www.sciencedirect.com/journal/harmful-algae/issues,true,
sciencedirect,https://www.sciencedirect.com/journal/eating-behaviors/issues,true,
sciencedirect,https://www.sciencedirect.com/journal/forest-policy-and-economics/issues,true,
sciencedirect,https://www.sciencedirect.com/journal/journal-of-veterinary-cardiology/issues,true,
sciencedirect,https://www.sciencedirect.com/journal/the-journal-of-nutrition-health-and-aging/issues,true,
sciencedirect,https://www.sciencedirect.com/journal/phytomedicine/issues,true,
sciencedirect,https://www.sciencedirect.com/journal/applied-soil-ecology/issues,true,
sciencedirect,https://www.sciencedirect.com/journal/journal-of-clinical-virology/issues,true,
sciencedirect,https://www.sciencedirect.com/journal/indian-journal-of-tuberculosis/issues,true,
sciencedirect,https://www.sciencedirect.com/journal/health-policy/issues,true,
sciencedirect,https://www.sciencedirect.com/journal/dendrochronologia/issues,true,
sciencedirect,https://www.sciencedirect.com/journal/forest-ecology-and-management/issues,true,
sciencedirect,https://www.sciencedirect.com/journal/trends-in-parasitology/issues,true,
sciencedirect,https://www.sciencedirect.com/journal/parasitology-international/issues,true,
sciencedirect,https://www.sciencedirect.com/bookseries/advances-in-parasitology/volumes,true,bookseries
sciencedirect,https://www.sciencedirect.com/journal/journal-of-adolescent-health/issues,true,
sciencedirect,https://www.sciencedirect.com/journal/fish-and-shellfish-immunology/issues,true,
sciencedirect,https://www.sciencedirect.com/journal/pedosphere/issues,true,
sciencedirect,https://www.sciencedirect.com/journal/international-dairy-journal/issues,true,
sciencedirect,https://www.sciencedirect.com/journal/the-journal-of-nutritional-biochemistry/issues,true,
sciencedirect,https://www.sciencedirect.com/journal/food-quality-and-preference/issues,true,
sciencedirect,https://www.sciencedirect.com/journal/nutrition/issues,true,
sciencedirect,https://www.sciencedirect.com/journal/revue-veterinaire-clinique/issues,true,
sciencedirect,https://www.sciencedirect.com/journal/journal-of-equine-veterinary-science/issues,true,
sciencedirect,https://www.sciencedirect.com/journal/journal-of-rural-studies/issues,true,
sciencedirect,https://www.sciencedirect.com/journal/journal-of-ethnopharmacology/issues,true,
sciencedirect,https://www.sciencedirect.com/journal/animal-reproduction-science/issues,true,
sciencedirect,https://www.sciencedirect.com/journal/veterinary-microbiology/issues,true,
sciencedirect,https://www.sciencedirect.com/journal/catena/issues,true,
sciencedirect,https://www.sciencedirect.com/journal/nutrition-research/issues,true,
sciencedirect,https://www.sciencedirect.com/journal/food-hydrocolloids/issues,true,
sciencedirect,https://www.sciencedirect.com/journal/clinical-nutrition/issues,true,
sciencedirect,https://www.sciencedirect.com/journal/tourism-management/issues,true,
sciencedirect,https://www.sciencedirect.com/journal/appetite/issues,true,
sciencedirect,https://www.sciencedirect.com/journal/journal-of-contaminant-hydrology/issues,true,
sciencedirect,https://www.sciencedirect.com/journal/applied-animal-behaviour-science/issues,true,
sciencedirect,https://www.sciencedirect.com/journal/preventive-veterinary-medicine/issues,true,
sciencedirect,https://www.sciencedirect.com/journal/molecular-and-biochemical-parasitology/issues,true,
sciencedirect,https://www.sciencedirect.com/journal/veterinary-immunology-and-immunopathology/issues,true,
sciencedirect,https://www.sciencedirect.com/journal/journal-of-infection/issues,true,
sciencedirect,https://www.sciencedirect.com/journal/annals-of-tourism-research/issues,true,
sciencedirect,https://www.sciencedirect.com/journal/theriogenology/issues,true,
sciencedirect,https://www.sciencedirect.com/journal/preventive-medicine/issues,true,
sciencedirect,https://www.sciencedirect.com/journal/european-journal-of-soil-biology/issues,true,
sciencedirect,https://www.sciencedirect.com/journal/research-in-veterinary-science/issues,true,
sciencedirect,https://www.sciencedirect.com/journal/public-health/issues,true,
sciencedirect,https://www.sciencedirect.com/journal/journal-of-hydrology/issues,true,
sciencedirect,https://www.sciencedirect.com/journal/journal-of-dairy-science/issues,true,
sciencedirect,https://www.sciencedirect.com/journal/journal-of-comparative-pathology/issues,true,
sciencedirect,https://www.sciencedirect.com/journal/geoderma/issues,true,
sciencedirect,https://www.sciencedirect.com/journal/experimental-parasitology/issues,true,
sciencedirect,https://www.sciencedirect.com/journal/cahiers-de-nutrition-et-de-dietetique/issues,true,
sciencedirect,https://www.sciencedirect.com/journal/the-veterinary-journal/issues,true,
sciencedirect,https://www.sciencedirect.com/journal/forest-ecosystems/issues,true,
sciencedirect,https://www.sciencedirect.com/journal/tourism-management-perspectives/issues,true,
sciencedirect,https://www.sciencedirect.com/journal/veterinary-parasitology-regional-studies-and-reports/issues,true,
sciencedirect,https://www.sciencedirect.com/journal/animal-nutrition/issues,true,
sciencedirect,https://www.sciencedirect.com/journal/clinical-microbiology-and-infection/issues,true,
sciencedirect,https://www.sciencedirect.com/journal/veterinary-anaesthesia-and-analgesia/issues,true,
sciencedirect,https://www.sciencedirect.com/journal/animal-feed-science-and-technology/issues,true,
sciencedirect,https://www.sciencedirect.com/journal/geoderma-regional/issues,true,
sciencedirect,https://www.sciencedirect.com/journal/clinical-ehealth/issues,true,
sciencedirect,https://www.sciencedirect.com/journal/journal-of-future-foods/issues,true,
sciencedirect,https://www.sciencedirect.com/journal/the-lancet-regional-health-europe/issues,true,
sciencedirect,https://www.sciencedirect.com/journal/the-lancet-global-health/issues,true,
sciencedirect,https://www.sciencedirect.com/journal/journal-of-stored-products-research/issues,true,
sciencedirect,https://www.sciencedirect.com/journal/canadian-journal-of-cardiology/issues,true,
sciencedirect,https://www.sciencedirect.com/journal/the-lancet/issues,true,
sciencedirect,https://www.sciencedirect.com/journal/international-journal-of-biological-macromolecules/issues,true,
sciencedirect,https://www.sciencedirect.com/journal/food-chemistry/issues,true,
sciencedirect,https://www.sciencedirect.com/journal/gene/issues,true,
sciencedirect,https://www.sciencedirect.com/journal/neuroscience/issues,true,
sciencedirect,https://www.sciencedirect.com/journal/journal-of-cleaner-production/issues,true,
sciencedirect,https://www.sciencedirect.com/journal/horticultural-plant-journal/issues,true,
